id,title,description,conditions,requirements,responsibilities,interview_questions,priority,test_task,id_hh
1,Менеджер по продажам,"```html
<h1>Вакансия: Менеджер по продажам</h1>
<h2>Мы ищем целеустремленного и ответственного специалиста по продажам!</h2>
<p>Мы приглашаем вас стать частью нашей команды в роли менеджера по продажам. Если вы обладаете необходимыми навыками и опытом работы в сфере продаж, эта вакансия для вас!</p>
<h2>Условия:</h2>
<ul>
    <li>График: полный рабочий день.</li>
    <li>Зарплата: 70,000 - 100,000 руб. (в зависимости от опыта и квалификации).</li>
    <li>Работа: офисная (или возможность удаленной работы по договоренности).</li>
    <li>Бонусы: есть (по результатам продаж).</li>
    <li>KPI: есть (по выполнению планов продаж).</li>
</ul>
<h2>Обязанности:</h2>
<ul>
    <li>Осуществление продаж и работа с клиентами.</li>
    <li>Проведение переговоров и презентаций продукта.</li>
</ul>
<h2>Требования к кандидату:</h2>
<ul>
    <li>Умение работать в команде.</li>
    <li>Умение вести переговоры.</li>
    <li>Предпочтение кандидатам с опытом работы в продажах более 3 лет и успешными кейсами.</li>
    <li>Знания CRM.</li>
</ul>
<h2>Что мы ждем от вас:</h2>
<ul>
    <li>Ответственность и инициативность.</li>
    <li>Умение работать с клиентами и находить общий язык с ними.</li>
</ul>
<h2>Вопросы на собеседовании:</h2>
<ol>
    <li>Как вы справляетесь со сложными клиентами? <strong>Идеальный ответ:</strong> ""Я стараюсь понять их потребности и найти компромиссные решения. Всегда сохраняю профессионализм.""</li>
    <li>Как вы планируете свои продажи на месяц? <strong>Идеальный ответ:</strong> ""Я анализирую результаты прошедшего месяца и ставлю реалистичные цели, основываясь на доступных ресурсах.""</li>
    <li>Какие CRM-системы вы использовали ранее? <strong>Идеальный ответ:</strong> ""Я работал с [названия CRM], и мне нравятся их функциональности для управления продажами и клиентами.""</li>
</ol>
<p>Если вы ищете возможность развиваться в динамичной компании и работать с интересными проектами, присылайте ваше резюме и становитесь частью нашей команды!</p>
```","График: полный рабочий день. Зарплата: 70,000 - 100,000 руб. (в зависимости от опыта и квалификации). Работа: офисная (или возможность удаленной работы по договоренности). Бонусы: есть (по результатам продаж). KPI: есть (по выполнению планов продаж).","Умение работать в команде, Умение вести переговоры.","Осуществление продаж и работа с клиентами, Проведение переговоров и презентаций продукта.","1. Как вы справляетесь со сложными клиентами? Идеальный ответ: ""Я стараюсь понять их потребности и найти компромиссные решения. Всегда сохраняю профессионализм.""
2. Как вы планируете свои продажи на месяц? Идеальный ответ: ""Я анализирую результаты прошлого месяца и ставлю реалистичные цели, основываясь на доступных ресурсах и рыночных условиях.""
3. Какие CRM-системы вы использовали ранее? Идеальный ответ: ""Я работал с [названия CRM], и мне нравится их функциональность для управления продажами и клиентами.""",Предпочтение кандидатам с опытом работы в продажах более 3 лет и успешными кейсами.,,
2,Остеопат,"**Вакансия: Остеопат**

Мы ищем профессионального и опытного остеопата, который готов взять на себя ответственность за проведение остеопатических процедур и разработку индивидуальных планов лечения для пациентов.

**Что мы предлагаем:**
- Полный рабочий день.
- Заработная плата от 200,000 рублей.
- Удаленная работа.
- Бонусы и KPI.

**Основные обязанности:**
- Проведение остеопатических процедур.
- Диагностика и разработка индивидуальных планов лечения для пациентов.

**Требования к кандидату:**
- Медицинское образование.
- Опыт работы от 5 лет.
- Знания всех направлений остеопатии.

**Что мы ждем от вас:**
- Чувствительность и способность к обучению.
- Знание всех направлений остеопатии.

**Дополнительная информация:**
- Возраст от 45 лет.

**Вопросы на собеседовании:**
1. Как вы подходите к диагностике и лечению пациентов?
2. Как вы работаете с пациентами, страдающими от хронической боли?
3. Как вы обновляете свои знания и навыки в остеопатии?

Если вы хотите работать в дружелюбной команде и развиваться в динамичной сфере медицины, присылайте ваше резюме и станьте частью нашей команды!","Полный рабочий день, ЗП от 200000, удаленная работа, Бонусы, KPI-да","Образование медицинское, опыт от 5 лет, знание всех направлений остеопатии","Проведение остеопатических процедур, диагностика и разработка индивидуальных планов лечения для пациентов","Как вы подходите к диагностике и лечению пациентов?; Как вы работаете с пациентами, страдающими от хронической боли?; Как вы обновляете свои знания и навыки в остеопатии?",Знание всех направлений остеопатии,"{""id_document"": ""https://youtu.be/c36DcmLMM1w?si=pOqsrrHwc5J3SODs"", ""name_document"": ""\u0422\u0435\u0441\u0442\u043e\u0432\u043e\u0435 \u0437\u0430\u0434\u0430\u043d\u0438\u0435 \u0434\u043b\u044f \u041e\u0441\u0442\u0435\u043e\u043f\u0430\u0442\u0430"", ""title_of_vacancy"": ""\u041e\u0441\u0442\u0435\u043e\u043f\u0430\u0442"", ""url_to_task"": ""https://youtu.be/c36DcmLMM1w?si=pOqsrrHwc5J3SODs"", ""time_to_complete"": ""2 \u0434\u043d\u044f""}",
4,повар,"```html
<h1>Вакансия: Повар</h1>
<h2>Мы ищем ответственного и профессионального повара!</h2>
<p>Мы ищем ответственного и профессионального повара, который будет заниматься приготовлением блюд по меню и контролем качества ингредиентов. Если вы любите готовить и делать это с душой, эта вакансия для вас!</p>

<h2>Что мы предлагаем:</h2>
<ul>
    <li>График: полный день.</li>
    <li>Заработная плата: от 100,000.</li>
    <li>Бонусы: нет.</li>
    <li>KPI: нет.</li>
    <li>Формат работы: оффлайн.</li>
</ul>

<h2>Основные обязанности:</h2>
<ul>
    <li>Приготовление блюд по меню.</li>
    <li>Контроль качества ингредиентов.</li>
</ul>

<h2>Требования к кандидату:</h2>
<ul>
    <li>Ответственность.</li>
    <li>Умение работать в команде.</li>
</ul>

<h2>Что мы ждем от вас:</h2>
<ul>
    <li>Умение быстро включаться в рабочий процесс.</li>
    <li>Высокая мотивация на достижение качественных результатов.</li>
</ul>

<p>Если вы ищете возможность развиваться в кулинарии и работать с интересными блюдами, присылайте ваше резюме и становитесь частью нашей команды!</p>
```","График: полный день, Заработная плата: от 100,000, Бонусы: нет, KPI: нет, Удаленно/Офлайн: офлайн","Качества: ответственность, умение работать в команде","Приготовление блюд по меню, контроль качества ингридиентов","","",,
5,Пилот БПЛА,"```html
<h1>Вакансия: Пилот БПЛА</h1>
<h2>Мы ищем ответственного и опытного пилота беспилотных летательных аппаратов!</h2>
<p>Мы ищем ответственного и опытного пилота беспилотных летательных аппаратов (БПЛА), который будет заниматься управлением БПЛА. Если у вас есть опыт в этой области, и вы хотите работать в динамичной команде, эта вакансия для вас!</p>
<h2>Что мы предлагаем:</h2>
<ul>
    <li>Зарплата от 150000 рублей.</li>
    <li>Полный рабочий день без бонусов и KPI.</li>
</ul>
<h2>Основные обязанности:</h2>
<ul>
    <li>Управление БПЛА.</li>
</ul>
<h2>Требования к кандидату:</h2>
<ul>
    <li>Мужчина от 20 лет.</li>
    <li>Спокойный, усидчивый.</li>
    <li>Опыт работы пилотом от 2 лет.</li>
    <li>Знание технического обслуживания БПЛА будет преимуществом.</li>
</ul>
<h2>Что мы ждем от вас:</h2>
<ul>
    <li>Наличие опыта управления БПЛА или другими летательными аппаратами.</li>
    <li>Способность обеспечивать безопасность при пилотировании БПЛА.</li>
    <li>Умение описывать ситуацию и принимать решения в сложных условиях.</li>
</ul>
<p>Если вы ищете возможность развиваться в интересной и динамичной компании, присылайте ваше резюме и становитесь частью нашей команды!</p>
```","Зарплата от 150000, полный рабочий день, без бонусов и KPI.",Знание технического обслуживания приветствуется.,Управление БПЛА.,"1. Какой опыт у вас есть в управлении БПЛА или другими летательными аппаратами?
2. Как вы обеспечиваете безопасность при пилотировании БПЛА?
3. Можете ли вы описать ситуацию, когда вам пришлось решать проблему при полете? Что вы сделали?",Наличие опыта,,
6,Менеджер по продажам в Catharsis,"```html
<h1>Вакансия: Менеджер по продажам в Catharsis</h1>
<h2>Мы ищем опытного менеджера по продажам!</h2>
<p>В Catharsis открыта вакансия менеджера по продажам. Мы ищем человека, который умеет быстро адаптироваться к условиям и работать в стрессовых ситуациях, а также готов брать на себя ответственность и быть инициатором позитивных изменений. Если вы заинтересованы в развитии новых навыков и готовы работать с клиентами, эта вакансия для вас!</p>

<h2>Что мы предлагаем:</h2>
<ul>
    <li>График: полный рабочий день.</li>
    <li>Заработная плата: от 80,000 до 120,000 рублей (обсуждаемая).</li>
    <li>Офисная работа.</li>
    <li>Бонусы: есть (по итогам квартала).</li>
    <li>KPI: есть (по выполнению плана продаж).</li>
</ul>

<h2>Основные обязанности:</h2>
<ul>
    <li>Поиск и привлечение новых клиентов.</li>
    <li>Ведение переговоров и заключение договоров.</li>
    <li>Подготовка коммерческих предложений.</li>
    <li>Анализ рынка и мониторинг конкурентов.</li>
</ul>

<h2>Требования к кандидату:</h2>
<ul>
    <li>Способность работать в стрессовых ситуациях.</li>
    <li>Исполнительность и ответственность.</li>
</ul>

<h2>Что мы ждем от вас:</h2>
<ul>
    <li>Умение работать с CRM-системами.</li>
    <li>Навыки ведения переговоров.</li>
    <li>Аналитические способности.</li>
    <li>Умение выстраивать долгосрочные отношения с клиентами.</li>
</ul>

<p>Если вы хотите работать в динамичной компании, ищете возможности для профессионального роста и готовы к новым вызовам, отправляйте ваше резюме и станьте частью нашей команды!</p>
```","График: полный рабочий день; Заработная плата: от 80,000 до 120,000 рублей (обсуждаемо); Работа: офисная; Бонусы: есть (по итогам квартала); KPI: есть (по выполнению плана продаж).",Умение работать в стрессовых ситуациях; Исполнительность и ответственность.,Поиск и привлечение новых клиентов; Ведение переговоров и заключение договоров; Подготовка коммерческих предложений; Анализ рынка и мониторинг конкурентов.,"1. Как вы справляетесь с отказами от клиентов? - Идеальный ответ: кандидат описывает механизм работы с отказами и желание учиться на каждом случае.; 2. Какие стратегии вы использовали, чтобы выходить на высококонверсионные лиды? - Идеальный ответ: подробное описание стратегий, которые работают в его практике.; 3. Расскажите о самом сложном клиенте, с которым вам приходилось работать. Как вы с ним взаимодействовали? - Идеальный ответ: подробное объяснение ситуации и результат взаимодействия.",Без разницы,,
3,Менеджер по продажам B2B,"```html
<h1>Вакансия: Менеджер по продажам B2B</h1>
<h2>Мы ищем активного и целеустремленного менеджера по продажам!</h2>
<p>В нашей компании открыта вакансия Менеджера по продажам B2B. Мы ищем человека, который будет активно заниматься привлечением новых клиентов и поддержанием теплых отношений с существующими. Если у вас есть опыт в продажах и вы готовы достигать высоких результатов, эта вакансия для вас!</p>

<h2>Что мы предлагаем:</h2>
<ul>
    <li>График работы: 5/2 в офисе.</li>
    <li>Заработная плата: от 350 000 тенге.</li>
    <li>Местоположение: Алматы.</li>
    <li>Конкурентная бонусная сетка и KPI.</li>
</ul>

<h2>Основные обязанности:</h2>
<ul>
    <li>Активный поиск и привлечение новых клиентов.</li>
    <li>Поддержание теплых отношений с существующими клиентами.</li>
    <li>Проведение переговоров и успешное заключение сделок.</li>
    <li>Подготовка привлекательных коммерческих предложений.</li>
</ul>

<h2>Требования к кандидату:</h2>
<ul>
    <li>Возраст: от 22 лет.</li>
    <li>Пол: без разницы.</li>
    <li>Личные качества: ответственность, целеустремленность, самостоятельность.</li>
    <li>Минимальный опыт: 2 года в продажах.</li>
    <li>Навыки: Уверенное пользование CRM-системами и ведение успешных переговоров.</li>
</ul>

<h2>Что мы ждем от вас:</h2>
<ul>
    <li>Умение адаптироваться и находить общий язык с различными клиентами.</li>
    <li>Развитыми аналитическими способностями для понимания рыночных тенденций.</li>
</ul>

<p>Если вы ищете возможность развиваться в динамичной компании и работать с интересными проектами, присылайте ваше резюме и становитесь частью нашей команды!</p>
```",График работы: 5/2 в офисе; Заработная плата: от 350 000 тенге; Местоположение: Алматы; Бонусы: Конкурентная бонусная сетка и KPI,Умение адаптироваться и находить общий язык с различными клиентами; Развитыми аналитическими способностями для понимания рыночных тенденций,Активный поиск и привлечение новых клиентов; Поддержание теплых отношений с существующими клиентами; Проведение переговоров и успешное заключение сделок; Подготовка привлекательных коммерческих предложений,"1. Ситуация: Вы ведете переговоры с потенциальным клиентом, который сомневается в стоимости вашего продукта. Как вы будете убеждать его в цене?
2. Ситуация: Один из ваших ключевых клиентов начинает искать более дешевые альтернативы. Как вы будете с этим справляться?
3. Ситуация: При работе с командой вы заметили, что один из ваших коллег не выполняет план продаж. Как вы будете разрешать эту ситуацию?",Тестовое задание,,111878418
7,Стажер электрика,"```html
<h1>Вакансия: Стажер электрика</h1>
<h2>Мы ищем ответственного и исполнительного стажера в области электротехники!</h2>
<p>Мы ищем стажера, готового учиться и помогать мастеру в изучении основ электротехники. Если вы обладаете знаниями в области электротехники и хотите развиваться в команде профессионалов, эта вакансия для вас!</p>
<h2>Что мы предлагаем:</h2>
<ul>
    <li>Полный рабочий день.</li>
    <li>Заработная плата от 50 000.</li>
    <li>Офлайн работа.</li>
    <li>Отсутствие KPI и бонусов.</li>
</ul>
<h2>Основные обязанности:</h2>
<ul>
    <li>Помощь мастеру в выполнении рабочих задач.</li>
    <li>Обучение основам электротехники.</li>
</ul>
<h2>Требования к кандидату:</h2>
<ul>
    <li>Знание электротехники.</li>
    <li>Умение работать в команде.</li>
    <li>Ответственность и исполнительность.</li>
</ul>
<h2>Что мы ждем от вас:</h2>
<ul>
    <li>Стремление к обучению и развитию.</li>
    <li>Способность быстро вникать в рабочий процесс.</li>
</ul>
<p>Если вы хотите получить опыт в области электротехники и работать в дружелюбной команде, присылайте ваше резюме и становитесь частью нашей компании!</p>
```","Полный рабочий день, зп от 50 000, оффлайн, без KPI и бонусов.","Знание электротехники, работа в команде.",Помощь мастеру и обучение основам электротехники.,1. Почему вы хотите работать в сфере электротехники? 2. Как вы понимаете важность безопасности при работе с электричеством? 3. Как вы относитесь к работе в команде и каким образом вы поддерживаете командный дух?,Нет,,
8,Продавец,"<h1>Вакансия: Продавец</h1>

<h2>Присоединяйтесь к нашей команде и станьте частью динамичной компании!</h2>

<p>Мы ищем продавца, который будет эффективно проводить встречи и презентации для клиентов, а также поддерживать отношения с нашими ценными партнерами. Если вы доброжелательны, имеете опыт B2B-продаж не менее 2 лет и умеете убедительно продавать, мы ждем вас!</p>

<h2>Условия работы:</h2>
<ul>
    <li>Полный рабочий день в офлайн-формате.</li>
    <li>Заработная плата от 100,000 тенге.</li>
    <li>Без бонусов и KPI.</li>
</ul>

<h2>Основные обязанности:</h2>
<ul>
    <li>Проведение встреч и презентаций для клиентов.</li>
    <li>Поддержание отношений с существующими клиентами.</li>
</ul>

<h2>Требования к кандидату:</h2>
<ul>
    <li>Женщина до 45 лет.</li>
    <li>Опыт продажи B2B от 2 лет.</li>
    <li>Доброта и приветливость в общении.</li>
    <li>Умение эффективно продавать и коммуникабельность.</li>
</ul>

<p>Если вы хотите стать частью нашей команды и считаете, что подходите под данное описание, присылайте ваше резюме и начнем наше сотрудничество!</p>","Полный рабочий день, Офлайн, Заработная плата: от 100000 тенге, Бонусов нет, KPI нет",1. Проведение встреч и презентаций для клиентов. 2. Поддержание отношений с существующими клиентами.,1. Проведение встреч и презентаций для клиентов. 2. Поддержание отношений с существующими клиентами.,1. Расскажите о вашем опыте в B2B-продажах? 2. Какие методы продажи вы используете? 3. Как вы общаетесь с трудными клиентами? 4. Приведите пример успешной сделки из вашей практики. 5. Как вы оцениваете свои навыки продажи?,Нет обособленного приоритета.,,112731061
9,Менеджер по продажам и аккаунтингу,"<h1>Вакансия: Менеджер по продажам и аккаунтингу</h1>

<h2>Мы приглашаем ответственного и организованного специалиста по продажам и аккаунтингу!</h2>

<p>Ищем специалиста с развитыми навыками ведения переговоров и способности устанавливать долгосрочные партнерские отношения для работы с продуктами и услугами нашей компании. Если вы обладаете опытом управления несколькими проектами одновременно и готовы применить свои навыки в динамичной среде, мы ждем ваше резюме!</p>

<h2>Что мы предлагаем:</h2>
<ul>
    <li>График работы: полный день.</li>
    <li>Заработная плата: 300 000.</li>
    <li>Работа в офисе.</li>
    <li>Гибкая система бонусов: 2-5% (зависит от направления).</li>
    <li>KPI, зависящие от направления.</li>
</ul>

<h2>Основные обязанности:</h2>
<ul>
    <li>Поиск новых клиентов и развитие существующей клиентской базы для продажи продуктов и услуг компании.</li>
    <li>Проведение переговоров, презентаций и демонстраций продуктов для потенциальных клиентов.</li>
    <li>Заключение договоров, составление коммерческих предложений и согласование условий сотрудничества.</li>
    <li>Ведение клиентов на всех этапах работы: от заключения сделки до постпродажного сопровождения.</li>
    <li>Обеспечение высокого уровня обслуживания клиентов, выявление их потребностей и предоставление дополнительных решений.</li>
    <li>Своевременное обновление информации в CRM-системе, подготовка отчетов по продажам и взаимодействиям с клиентами.</li>
    <li>Мониторинг рыночных трендов и анализ конкурентов для выработки лучших стратегий продаж.</li>
</ul>

<h2>Требования к кандидату:</h2>
<ul>
    <li>Возраст: от 20 лет.</li>
    <li>Минимальный опыт работы: от 2 лет.</li>
    <li>Развитые навыки ведения переговоров и способность устанавливать долгосрочные партнерские отношения.</li>
    <li>Навыки управления проектами и ведения нескольких проектов одновременно.</li>
</ul>

<h2>Что мы ждем от вас:</h2>
<ul>
    <li>Ответственный и организованный подход к работе.</li>
    <li>Умение работать на результат и желание развиваться.</li>
</ul>

<p>Если вы ищете возможность развиваться в компании с интересными продуктами и проектами, присылайте ваше резюме и становитесь частью нашей команды!</p>","График работы: полный день, Заработная плата: 300 000, Работа в офисе, Бонусы - гибкая система 2-5% (зависит от направления), KPI зависит от направления","Возраст: от 20 лет, Минимальный опыт: от 2 лет, Качества/навыки: развитые навыки ведения переговоров и способность устанавливать долгосрочные партнерские отношения; навыки управления проектами и ведения нескольких проектов одновременно","Поиск новых клиентов и развитие существующей клиентской базы для продажи продуктов и услуг компании. Проведение переговоров, презентаций и демонстраций продуктов для потенциальных клиентов. Заключение договоров, составление коммерческих предложений и согласование условий сотрудничества. Ведение клиентов на всех этапах работы: от заключения сделки до постпродажного сопровождения. Обеспечение высокого уровня обслуживания клиентов, выявление их потребностей и предоставление дополнительных решений. Своевременное обновление информации в CRM-системе, подготовка отчетов по продажам и взаимодействиям с клиентами. Мониторинг рыночных трендов и анализ конкурентов для выработки лучших стратегий продаж.","Назовите наиболее продолжительный промежуток времени, который вы проработали в одной компании. Какой наилучший результат вы достигли в вашей карьере? Что для вас важно на новом месте работы? Какие методы и техники продаж вы предпочитаете использовать?",Если в первом вопросе пункта 5 кандидат проработал более 1 года,,113319669
